donor_chain,donor_residue_ID,donor_seq,donor_atom,acceptor_chain,acceptor_residue_ID,acceptor_seq,acceptor_atom,distance,entry,donor_domain,acceptor_domain,interdomain
A,GLN,56,NE2,A,LEU,52,O,3.499,SERCA1a,TM1,TM1,False
A,LEU,61,N,A,ASP,59,OD1,3.025,SERCA1a,TM1,TM1,False
A,THR,84,OG1,A,GLU,80,O,2.977,SERCA1a,TM2,TM1-2_loop,True
A,THR,86,OG1,A,GLU,83,OE1,3.473,SERCA1a,TM2,TM2,False
A,THR,86,OG1,A,ILE,956,O,2.573,SERCA1a,TM2,TM9-10_loop,True
A,ARG,110,NH2,A,GLU,51,OE2,3.568,SERCA1a,TM2,TM1,True
A,THR,247,OG1,A,GLU,340,OE1,2.91,SERCA1a,TM3,P_domain,True
A,LEU,249,N,A,GLU,340,OE2,3.097,SERCA1a,TM3,P_domain,True
A,GLN,250,N,A,THR,247,OG1,3.058,SERCA1a,TM3,TM3,False
A,GLN,250,NE2,A,THR,247,OG1,3.407,SERCA1a,TM3,TM3,False
A,CYS,268,SG,A,ILE,264,O,3.429,SERCA1a,TM3,TM3,False
A,CYS,268,SG,A,ALA,299,O,3.44,SERCA1a,TM3,TM4,True
A,TRP,272,NE1,A,ALA,292,O,3.191,SERCA1a,TM3,TM4,True
A,ASN,275,ND2,A,VAL,271,O,3.324,SERCA1a,TM3,TM3,False
A,HIS,278,ND1,A,ASP,281,OD2,2.691,SERCA1a,TM3-4_loop,TM3-4_loop,False
A,LYS,297,NZ,A,GLU,90,OE2,3.001,SERCA1a,TM4,TM2,True
A,THR,316,OG1,A,PRO,312,O,3.512,SERCA1a,TM4,TM4,False
A,THR,317,OG1,A,ALA,313,O,2.822,SERCA1a,TM4,TM4,False
A,CYS,318,SG,A,VAL,314,O,3.23,SERCA1a,TM4,TM4,False
A,CYS,318,SG,A,GLY,808,O,3.639,SERCA1a,TM4,TM6,True
A,THR,323,OG1,A,LEU,319,O,3.272,SERCA1a,TM4,TM4,False
A,ASN,739,ND2,A,THR,742,OG1,3.023,SERCA1a,P_domain,TM5,True
A,PHE,740,N,A,GLU,606,OE1,3.308,SERCA1a,TM5,P_domain,True
A,SER,741,N,A,ASN,739,OD1,3.339,SERCA1a,TM5,P_domain,True
A,SER,741,OG,A,SER,610,OG,3.081,SERCA1a,TM5,P_domain,True
A,SER,741,OG,A,ASN,739,OD1,3.545,SERCA1a,TM5,P_domain,True
A,THR,742,OG1,A,ASN,739,O,3.247,SERCA1a,TM5,P_domain,True
A,ARG,751,NE,A,GLY,343,O,3.478,SERCA1a,TM5,P_domain,True
A,ARG,751,NH1,A,ILE,816,O,2.823,SERCA1a,TM5,TM6-7_loop,True
A,ARG,751,NH1,A,ARG,819,O,3.07,SERCA1a,TM5,TM6-7_loop,True
A,ARG,751,NH2,A,ALA,617,O,2.794,SERCA1a,TM5,P_domain,True
A,ASN,756,ND2,A,ASN,810,O,3.293,SERCA1a,TM5,TM6,True
A,LYS,758,NZ,A,GLU,918,OE1,2.898,SERCA1a,TM5,TM8-9_loop,True
A,ARG,762,NH2,A,SER,917,O,3.198,SERCA1a,TM5,TM8-9_loop,True
A,ARG,762,NH2,A,ASP,981,OD1,3.4,SERCA1a,TM5,TM10,True
A,TYR,763,OH,A,THR,799,O,2.914,SERCA1a,TM5,TM6,True
A,SER,766,OG,A,ARG,762,O,2.929,SERCA1a,TM5,TM5,False
A,SER,766,OG,A,TYR,763,O,3.25,SERCA1a,TM5,TM5,False
A,SER,767,OG,A,TYR,763,O,3.255,SERCA1a,TM5,TM5,False
A,ASN,768,ND2,A,ALA,306,O,2.596,SERCA1a,TM5,TM4,True
A,THR,778,OG1,A,CYS,774,O,2.627,SERCA1a,TM5,TM5,False
A,GLN,791,NE2,A,PHE,957,O,3.098,SERCA1a,TM6,TM9-10_loop,True
A,TRP,794,NE1,A,HIS,944,ND1,2.838,SERCA1a,TM6,TM9,True
A,ASN,796,ND2,A,LEU,793,O,3.534,SERCA1a,TM6,TM6,False
A,THR,799,OG1,A,VAL,795,O,2.375,SERCA1a,TM6,TM6,False
A,THR,799,OG1,A,ASN,796,O,3.444,SERCA1a,TM6,TM6,False
A,THR,805,OG1,A,ASN,101,OD1,2.788,SERCA1a,TM6,TM2,True
A,THR,805,OG1,A,GLY,801,O,3.185,SERCA1a,TM6,TM6,False
A,ASN,810,ND2,A,SER,915,O,2.793,SERCA1a,TM6,TM8,True
A,LEU,814,N,A,ASP,813,OD1,2.984,SERCA1a,TM6-7_loop,TM6-7_loop,False
A,LYS,825,N,A,SER,823,OG,3.313,SERCA1a,TM6-7_loop,TM6-7_loop,False
A,LYS,825,NZ,A,ASP,695,OD1,2.715,SERCA1a,TM6-7_loop,P_domain,True
A,TRP,832,N,A,SER,830,OG,3.172,SERCA1a,TM7,TM6-7_loop,True
A,ARG,836,NH2,A,GLU,918,O,2.777,SERCA1a,TM7,TM8-9_loop,True
A,TYR,843,OH,A,ILE,973,O,2.793,SERCA1a,TM7,TM10,True
A,THR,848,OG1,A,VAL,844,O,2.639,SERCA1a,TM7,TM7,False
A,TYR,867,OH,A,TYR,858,OH,2.821,SERCA1a,TM7-8_loop,TM7-8_loop,False
A,THR,898,OG1,A,PRO,894,O,2.663,SERCA1a,TM8,TM8,False
A,SER,902,OG,A,THR,898,O,3.424,SERCA1a,TM8,TM8,False
A,SER,902,OG,A,HIS,944,NE2,3.002,SERCA1a,TM8,TM9,True
A,THR,906,OG1,A,SER,902,O,2.764,SERCA1a,TM8,TM8,False
A,CYS,910,SG,A,THR,906,O,3.322,SERCA1a,TM8,TM8,False
A,ASN,911,ND2,A,SER,766,OG,2.674,SERCA1a,TM8,TM5,True
A,ASN,911,ND2,A,SER,767,OG,3.173,SERCA1a,TM8,TM5,True
A,ASN,914,ND2,A,ASN,911,O,3.687,SERCA1a,TM8,TM8,False
A,ASN,914,ND2,A,ASN,911,OD1,3.458,SERCA1a,TM8,TM8,False
A,SER,915,OG,A,GLN,759,O,3.57,SERCA1a,TM8,TM5,True
A,SER,917,OG,A,ASP,813,OD2,3.366,SERCA1a,TM8-9_loop,TM6-7_loop,True
A,GLN,920,N,A,SER,917,OG,2.869,SERCA1a,TM8-9_loop,TM8-9_loop,False
A,SER,921,OG,A,GLU,982,OE2,3.073,SERCA1a,TM8-9_loop,TM10,True
A,LEU,922,N,A,GLU,982,OE1,3.481,SERCA1a,TM8-9_loop,TM10,True
A,MET,923,N,A,SER,921,OG,2.79,SERCA1a,TM8-9_loop,TM8-9_loop,False
A,ASN,930,ND2,A,ALA,806,O,3.203,SERCA1a,TM8-9_loop,TM6,True
A,ASN,930,ND2,A,ASN,810,OD1,2.878,SERCA1a,TM8-9_loop,TM6,True
A,LEU,933,N,A,ASN,930,OD1,2.656,SERCA1a,TM9,TM8-9_loop,True
A,SER,936,OG,A,TRP,932,O,2.602,SERCA1a,TM9,TM9,False
A,CYS,938,SG,A,LEU,934,O,3.607,SERCA1a,TM9,TM9,False
A,SER,940,OG,A,VAL,798,O,3.052,SERCA1a,TM9,TM6,True
A,SER,942,OG,A,CYS,938,O,2.686,SERCA1a,TM9,TM9,False
A,HIS,944,NE2,A,SER,902,OG,3.002,SERCA1a,TM9,TM8,True
A,LYS,960,N,A,THR,898,OG1,3.086,SERCA1a,TM9-10_loop,TM8,True
A,LYS,960,NZ,A,GLU,895,OE2,2.8,SERCA1a,TM9-10_loop,TM8,True
A,ASP,963,N,A,GLN,966,OE1,2.603,SERCA1a,TM9-10_loop,TM10,True
A,TRP,967,NE1,A,TYR,949,OH,3.248,SERCA1a,TM10,TM9,True
A,SER,974,OG,A,VAL,903,O,3.451,SERCA1a,TM10,TM8,True
A,SER,974,OG,A,VAL,970,O,2.697,SERCA1a,TM10,TM10,False
A,LYS,985,NZ,A,ASN,914,O,2.914,SERCA1a,TM10,TM8,True
A,LYS,985,NZ,A,GLN,920,O,3.244,SERCA1a,TM10,TM8-9_loop,True
A,ASN,990,ND2,A,PHE,986,O,3.002,SERCA1a,TM10,TM10,False
A,GLU,993,N,A,GLU,993,OE1,2.566,SERCA1a,TM10,TM10,False
A,THR,48,N,A,GLU,51,OE1,3.328,SERCA2b,TM1,TM1,False
A,GLN,56,NE2,A,LEU,52,O,3.287,SERCA2b,TM1,TM1,False
A,LEU,61,N,A,ASP,59,OD2,3.297,SERCA2b,TM1,TM1,False
A,ARG,63,NE,A,GLU,58,O,3.254,SERCA2b,TM1,TM1,False
A,CYS,70,SG,A,LEU,66,O,3.214,SERCA2b,TM1,TM1,False
A,SER,72,OG,A,ALA,68,O,3.1,SERCA2b,TM1,TM1,False
A,GLU,80,N,A,GLU,80,OE1,2.786,SERCA2b,TM1-2_loop,TM1-2_loop,False
A,THR,86,OG1,A,GLU,83,OE2,2.222,SERCA2b,TM1-2_loop,TM1-2_loop,False
A,ARG,110,NH1,A,LYS,47,O,2.528,SERCA2b,TM2,A_domain,True
A,ARG,246,NH2,A,ASP,254,OD1,3.293,SERCA2b,A_domain,TM3,True
A,ARG,246,NH2,A,ASP,254,OD2,2.539,SERCA2b,A_domain,TM3,True
A,THR,247,OG1,A,PRO,337,O,3.506,SERCA2b,TM3,P_domain,True
A,GLN,251,NE2,A,ARG,246,O,3.176,SERCA2b,TM3,A_domain,True
A,LYS,252,NZ,A,PRO,823,O,3.411,SERCA2b,TM3,TM6-7_loop,True
A,LYS,252,NZ,A,GLU,825,O,2.683,SERCA2b,TM3,TM6-7_loop,True
A,SER,261,OG,A,GLY,257,O,2.618,SERCA2b,TM3,TM3,False
A,SER,265,OG,A,SER,261,O,3.4,SERCA2b,TM3,TM3,False
A,SER,265,OG,A,LYS,262,O,2.582,SERCA2b,TM3,TM3,False
A,CYS,268,SG,A,ILE,264,O,3.39,SERCA2b,TM3,TM3,False
A,CYS,268,SG,A,ALA,299,O,3.129,SERCA2b,TM3,TM4,True
A,ASN,275,ND2,A,HIS,278,NE2,3.003,SERCA2b,TM3,TM3-4_loop,True
A,HIS,284,NE2,A,HIS,278,O,2.985,SERCA2b,TM3-4_loop,TM3-4_loop,False
A,GLU,309,N,A,GLU,309,OE1,2.591,SERCA2b,TM4,TM4,False
A,THR,316,OG1,A,PRO,312,O,3.312,SERCA2b,TM4,TM4,False
A,THR,316,OG1,A,ALA,313,O,2.729,SERCA2b,TM4,TM4,False
A,THR,317,OG1,A,ALA,313,O,3.221,SERCA2b,TM4,TM4,False
A,THR,317,OG1,A,VAL,314,O,2.781,SERCA2b,TM4,TM4,False
A,CYS,318,SG,A,VAL,314,O,3.452,SERCA2b,TM4,TM4,False
A,CYS,318,SG,A,GLY,807,O,3.93,SERCA2b,TM4,TM6,True
A,THR,323,OG1,A,LEU,319,O,2.796,SERCA2b,TM4,TM4,False
A,ARG,324,NH1,A,GLN,108,OE1,3.221,SERCA2b,TM4,TM2,True
A,ARG,325,NH1,A,GLU,748,OE1,2.448,SERCA2b,TM4,TM5,True
A,GLN,615,NE2,A,ASN,817,OD1,3.09,SERCA2b,P_domain,TM6-7_loop,True
A,SER,740,N,A,ASN,738,OD1,3.269,SERCA2b,TM5,P_domain,True
A,SER,740,OG,A,ASN,738,OD1,2.991,SERCA2b,TM5,P_domain,True
A,THR,741,OG1,A,ASN,738,O,3.234,SERCA2b,TM5,P_domain,True
A,ARG,750,NH1,A,ILE,815,O,2.774,SERCA2b,TM5,TM6-7_loop,True
A,ARG,750,NH1,A,LYS,818,O,2.775,SERCA2b,TM5,TM6-7_loop,True
A,ARG,750,NH2,A,ALA,616,O,2.658,SERCA2b,TM5,P_domain,True
A,ARG,750,NH2,A,LYS,818,O,3.113,SERCA2b,TM5,TM6-7_loop,True
A,LYS,757,NZ,A,LEU,827,O,3.355,SERCA2b,TM5,TM6-7_loop,True
A,ARG,761,NH1,A,ASN,913,O,2.513,SERCA2b,TM5,TM8,True
A,ARG,761,NH2,A,GLN,758,OE1,3.53,SERCA2b,TM5,TM5,False
A,ARG,761,NH2,A,ASN,913,O,3.088,SERCA2b,TM5,TM8,True
A,TYR,762,OH,A,THR,798,O,2.975,SERCA2b,TM5,TM6,True
A,SER,765,OG,A,ARG,761,O,2.416,SERCA2b,TM5,TM5,False
A,SER,765,OG,A,TYR,762,O,3.2,SERCA2b,TM5,TM5,False
A,SER,766,OG,A,TYR,762,O,2.761,SERCA2b,TM5,TM5,False
A,ASN,767,ND2,A,ALA,306,O,2.772,SERCA2b,TM5,TM4,True
A,ASN,767,ND2,A,ASP,799,OD2,3.24,SERCA2b,TM5,TM6,True
A,CYS,773,SG,A,GLU,770,O,3.093,SERCA2b,TM5,TM5,False
A,THR,777,OG1,A,CYS,773,O,3.192,SERCA2b,TM5,TM5,False
A,THR,777,OG1,A,ILE,774,O,2.725,SERCA2b,TM5,TM5,False
A,GLU,784,N,A,GLU,784,OE1,2.729,SERCA2b,TM5-6_loop,TM5-6_loop,False
A,ILE,787,N,A,GLN,790,OE1,3.172,SERCA2b,TM6,TM6,False
A,GLN,790,NE2,A,PHE,956,O,2.976,SERCA2b,TM6,TM9-10_loop,True
A,TRP,793,NE1,A,HIS,943,ND1,3.301,SERCA2b,TM6,TM9,True
A,THR,798,OG1,A,VAL,794,O,2.524,SERCA2b,TM6,TM6,False
A,THR,798,OG1,A,GLU,907,OE2,3.042,SERCA2b,TM6,TM8,True
A,THR,804,OG1,A,ASN,101,OD1,2.876,SERCA2b,TM6,TM2,True
A,THR,804,OG1,A,GLY,800,O,3.147,SERCA2b,TM6,TM6,False
A,ASN,809,ND2,A,SER,914,O,2.993,SERCA2b,TM6,TM8,True
A,LYS,824,N,A,ASN,822,OD1,3.448,SERCA2b,TM6-7_loop,TM6-7_loop,False
A,ARG,835,NH1,A,GLU,917,O,2.887,SERCA2b,TM7,TM8-9_loop,True
A,ARG,835,NH2,A,GLU,917,O,3.238,SERCA2b,TM7,TM8-9_loop,True
A,ARG,835,NH2,A,ASP,980,OD1,3.488,SERCA2b,TM7,TM10,True
A,ARG,835,NH2,A,ASP,980,OD2,3.402,SERCA2b,TM7,TM10,True
A,CYS,841,SG,A,LEU,837,O,3.083,SERCA2b,TM7,TM7,False
A,TYR,842,OH,A,ILE,972,O,2.542,SERCA2b,TM7,TM10,True
A,THR,847,OG1,A,VAL,843,O,3.316,SERCA2b,TM7,TM7,False
A,THR,847,OG1,A,GLY,844,O,2.844,SERCA2b,TM7,TM7,False
A,ARG,863,NE,A,ALA,858,O,2.939,SERCA2b,TM7-8_loop,TM7-8_loop,False
A,ARG,863,NH2,A,ASP,859,OD1,3.255,SERCA2b,TM7-8_loop,TM7-8_loop,False
A,TYR,867,OH,A,ASP,881,OD2,3.236,SERCA2b,TM7-8_loop,TM7-8_loop,False
A,SER,870,OG,A,PHE,866,O,3.185,SERCA2b,TM7-8_loop,TM7-8_loop,False
A,SER,870,OG,A,TYR,867,O,3.335,SERCA2b,TM7-8_loop,TM7-8_loop,False
A,SER,870,OG,A,HIS,871,ND1,2.832,SERCA2b,TM7-8_loop,TM7-8_loop,False
A,HIS,871,ND1,A,TYR,867,O,2.888,SERCA2b,TM7-8_loop,TM7-8_loop,False
A,GLU,877,N,A,GLU,877,OE1,2.708,SERCA2b,TM7-8_loop,TM7-8_loop,False
A,ASN,879,ND2,A,GLN,874,O,2.844,SERCA2b,TM7-8_loop,TM7-8_loop,False
A,CYS,887,SG,A,CYS,875,O,3.117,SERCA2b,TM7-8_loop,TM7-8_loop,False
A,TYR,894,N,A,SER,892,OG,3.337,SERCA2b,TM8,TM7-8_loop,True
A,THR,897,OG1,A,PRO,893,O,2.403,SERCA2b,TM8,TM8,False
A,SER,901,OG,A,THR,897,O,2.585,SERCA2b,TM8,TM8,False
A,SER,901,OG,A,MET,898,O,3.016,SERCA2b,TM8,TM8,False
A,THR,905,OG1,A,SER,901,O,2.579,SERCA2b,TM8,TM8,False
A,CYS,909,SG,A,THR,905,O,3.575,SERCA2b,TM8,TM8,False
A,ASN,910,ND2,A,SER,765,OG,3.134,SERCA2b,TM8,TM5,True
A,ASN,910,ND2,A,SER,766,OG,3.088,SERCA2b,TM8,TM5,True
A,ASN,913,ND2,A,VAL,976,O,3.464,SERCA2b,TM8,TM10,True
A,SER,914,OG,A,ASN,910,O,3.367,SERCA2b,TM8,TM8,False
A,SER,916,OG,A,ASP,812,OD1,2.593,SERCA2b,TM8-9_loop,TM6-7_loop,True
A,SER,916,OG,A,ASP,812,OD2,3.108,SERCA2b,TM8-9_loop,TM6-7_loop,True
A,GLN,919,N,A,SER,916,OG,3.359,SERCA2b,TM8-9_loop,TM8-9_loop,False
A,LEU,921,N,A,GLU,981,OE2,2.818,SERCA2b,TM8-9_loop,TM10,True
A,ASN,929,ND2,A,ALA,805,O,2.832,SERCA2b,TM9,TM6,True
A,ASN,929,ND2,A,ASN,809,OD1,2.532,SERCA2b,TM9,TM6,True
A,SER,935,OG,A,TRP,931,O,3.315,SERCA2b,TM9,TM9,False
A,CYS,937,SG,A,VAL,933,O,3.615,SERCA2b,TM9,TM9,False
A,SER,939,OG,A,VAL,797,O,3.027,SERCA2b,TM9,TM6,True
A,SER,939,OG,A,SER,935,O,3.073,SERCA2b,TM9,TM9,False
A,SER,941,OG,A,CYS,937,O,2.81,SERCA2b,TM9,TM9,False
A,TYR,948,OH,A,LEU,961,O,2.691,SERCA2b,TM9,TM9-10_loop,True
A,GLU,950,N,A,GLU,950,OE1,2.805,SERCA2b,TM9-10_loop,TM9-10_loop,False
A,THR,959,N,A,THR,897,OG1,3.143,SERCA2b,TM9-10_loop,TM8,True
A,GLN,965,N,A,ASN,962,OD1,3.292,SERCA2b,TM10,TM10,False
A,TRP,966,NE1,A,TYR,948,OH,2.837,SERCA2b,TM10,TM9,True
A,LYS,971,NZ,A,THR,1032,O,3.003,SERCA2b,TM10,Ctail,True
A,SER,973,OG,A,VAL,902,O,3.34,SERCA2b,TM10,TM8,True
A,SER,973,OG,A,VAL,969,O,2.997,SERCA2b,TM10,TM10,False
A,THR,982,OG1,A,LEU,978,O,2.993,SERCA2b,TM10,TM10,False
A,LYS,984,NZ,A,ASN,913,O,3.302,SERCA2b,TM10,TM8,True
A,LYS,984,NZ,A,SER,916,O,3.306,SERCA2b,TM10,TM8-9_loop,True
A,LYS,984,NZ,A,GLN,919,O,3.205,SERCA2b,TM10,TM8-9_loop,True
A,ARG,988,NE,A,LYS,984,O,3.5,SERCA2b,TM10,TM10,False
A,TYR,75,OH,A,THR,115,OG1,2.518,SPCA1a,TM1,TM2,True
A,SER,77,OG,A,LYS,74,O,3.147,SPCA1a,TM1,TM1,False
A,GLN,78,NE2,A,GLU,121,OE1,2.454,SPCA1a,TM1,TM2,True
A,LYS,80,NZ,A,SER,77,O,2.864,SPCA1a,TM1,TM1,False
A,LEU,83,N,A,ASN,81,OD1,3.432,SPCA1a,TM1,TM1,False
A,SER,90,OG,A,LEU,86,O,3.385,SPCA1a,TM1,TM1,False
A,SER,94,OG,A,SER,90,O,3.371,SPCA1a,TM1,TM1,False
A,SER,94,OG,A,ALA,91,O,2.581,SPCA1a,TM1,TM1,False
A,SER,105,OG,A,ASP,101,O,2.701,SPCA1a,TM2,TM2,False
A,THR,107,OG1,A,ALA,103,O,2.564,SPCA1a,TM2,TM2,False
A,THR,115,OG1,A,TYR,75,OH,2.518,SPCA1a,TM2,TM1,True
A,THR,115,OG1,A,LEU,111,O,2.567,SPCA1a,TM2,TM2,False
A,SER,124,OG,A,GLN,120,O,3.37,SPCA1a,TM2,TM2,False
A,SER,124,OG,A,GLU,121,O,2.539,SPCA1a,TM2,TM2,False
A,LYS,260,NZ,A,LYS,255,O,2.414,SPCA1a,TM3,A_domain,True
A,SER,261,OG,A,ASP,768,OD2,3.047,SPCA1a,TM3,TM6-7_loop,True
A,SER,270,OG,A,GLY,266,O,3.315,SPCA1a,TM3,TM3,False
A,SER,270,OG,A,LYS,267,O,2.595,SPCA1a,TM3,TM3,False
A,SER,273,OG,A,LEU,269,O,3.001,SPCA1a,TM3,TM3,False
A,LYS,289,NZ,A,PHE,725,O,2.989,SPCA1a,TM3-4_loop,TM5-6_loop,True
A,THR,296,OG1,A,LEU,292,O,3.318,SPCA1a,TM4,TM4,False
A,THR,296,OG1,A,GLU,293,O,2.51,SPCA1a,TM4,TM4,False
A,SER,298,OG,A,MET,294,O,2.918,SPCA1a,TM4,TM4,False
A,SER,300,OG,A,THR,296,O,3.249,SPCA1a,TM4,TM4,False
A,SER,300,OG,A,ILE,297,O,2.652,SPCA1a,TM4,TM4,False
A,THR,315,OG1,A,PRO,311,O,2.8,SPCA1a,TM4,TM4,False
A,THR,317,OG1,A,VAL,313,O,2.911,SPCA1a,TM4,TM4,False
A,THR,317,OG1,A,VAL,314,O,2.599,SPCA1a,TM4,TM4,False
A,CYS,343,SG,A,ASN,765,O,3.707,SPCA1a,P_domain,TM6-7_loop,True
A,THR,684,OG1,A,ASP,681,O,3.422,SPCA1a,TM5,P_domain,True
A,SER,687,OG,A,GLN,683,O,3.336,SPCA1a,TM5,TM5,False
A,LYS,693,NZ,A,GLY,342,O,3.407,SPCA1a,TM5,P_domain,True
A,TYR,696,OH,A,SER,769,O,2.791,SPCA1a,TM5,TM6-7_loop,True
A,ASN,698,ND2,A,GLU,752,O,3.225,SPCA1a,TM5,TM6-7_loop,True
A,ARG,704,NH1,A,ASN,822,OD1,2.766,SPCA1a,TM5,TM8,True
A,ARG,704,NH2,A,SER,782,OG,2.912,SPCA1a,TM5,TM7,True
A,GLN,706,NE2,A,ALA,305,O,3.602,SPCA1a,TM5,TM4,True
A,GLN,706,NE2,A,ASP,742,OD2,3.345,SPCA1a,TM5,TM6,True
A,SER,708,OG,A,ARG,704,O,2.849,SPCA1a,TM5,TM5,False
A,SER,708,OG,A,PHE,705,O,2.692,SPCA1a,TM5,TM5,False
A,THR,709,OG1,A,ASP,819,OD1,3.458,SPCA1a,TM5,TM8,True
A,THR,709,OG1,A,ASP,819,OD2,3.41,SPCA1a,TM5,TM8,True
A,SER,710,OG,A,GLN,706,O,2.958,SPCA1a,TM5,TM5,False
A,SER,710,OG,A,LEU,707,O,3.038,SPCA1a,TM5,TM5,False
A,THR,715,OG1,A,ILE,711,O,2.947,SPCA1a,TM5,TM5,False
A,THR,715,OG1,A,ALA,712,O,3.062,SPCA1a,TM5,TM5,False
A,SER,718,OG,A,LEU,714,O,2.699,SPCA1a,TM5,TM5,False
A,THR,721,OG1,A,ILE,717,O,2.961,SPCA1a,TM5,TM5,False
A,THR,721,OG1,A,SER,718,O,2.645,SPCA1a,TM5,TM5,False
A,ASN,727,ND2,A,GLU,293,OE2,3.239,SPCA1a,TM5-6_loop,TM4,True
A,GLN,747,NE2,A,GLY,309,O,2.938,SPCA1a,TM6,TM4,True
A,GLN,747,NE2,A,ASP,742,O,3.475,SPCA1a,TM6,TM6,False
A,SER,748,OG,A,PRO,744,O,3.023,SPCA1a,TM6,TM6,False
A,SER,748,OG,A,PRO,745,O,2.889,SPCA1a,TM6,TM6,False
A,VAL,758,N,A,ASP,755,OD2,2.998,SPCA1a,TM6-7_loop,TM6-7_loop,False
A,LYS,761,NZ,A,PRO,762,O,3.046,SPCA1a,TM6-7_loop,TM6-7_loop,False
A,ARG,764,NH2,A,ASP,768,O,3.464,SPCA1a,TM6-7_loop,TM6-7_loop,False
A,SER,782,OG,A,LYS,778,O,3.329,SPCA1a,TM7,TM7,False
A,CYS,788,SG,A,ILE,784,O,3.266,SPCA1a,TM7,TM7,False
A,THR,790,OG1,A,ILE,786,O,2.755,SPCA1a,TM7,TM7,False
A,ARG,796,NE,A,GLU,797,OE2,2.672,SPCA1a,TM7,TM7,False
A,ARG,796,NH2,A,GLU,797,OE2,2.743,SPCA1a,TM7,TM7,False
A,VAL,802,N,A,ASP,800,OD1,3.35,SPCA1a,TM7-8_loop,TM7-8_loop,False
A,ARG,806,NE,A,GLU,797,OE1,2.695,SPCA1a,TM8,TM7,True
A,ARG,806,NH1,A,ASP,877,OD1,3.554,SPCA1a,TM8,TM10,True
A,ARG,806,NH1,A,ASP,877,OD2,3.151,SPCA1a,TM8,TM10,True
A,ARG,806,NH2,A,GLU,797,OE1,3.085,SPCA1a,TM8,TM7,True
A,ARG,806,NH2,A,GLU,797,OE2,3.292,SPCA1a,TM8,TM7,True
A,ARG,806,NH2,A,ASP,877,OD1,3.419,SPCA1a,TM8,TM10,True
A,THR,809,OG1,A,PRO,805,O,2.711,SPCA1a,TM8,TM8,False
A,THR,809,OG1,A,GLU,871,O,3.303,SPCA1a,TM8,TM9-10_loop,True
A,THR,811,OG1,A,ASP,807,O,2.749,SPCA1a,TM8,TM8,False
A,THR,811,OG1,A,ASP,807,OD1,3.282,SPCA1a,TM8,TM8,False
A,THR,813,OG1,A,THR,809,O,2.585,SPCA1a,TM8,TM8,False
A,CYS,814,SG,A,GLY,789,O,3.971,SPCA1a,TM8,TM7,True
A,ASN,822,ND2,A,SER,708,OG,2.567,SPCA1a,TM8,TM5,True
A,SER,826,OG,A,ASN,822,O,2.31,SPCA1a,TM8,TM8,False
A,ARG,827,NH1,A,GLY,837,O,3.028,SPCA1a,TM8-9_loop,TM8-9_loop,False
A,SER,828,OG,A,LYS,831,O,2.757,SPCA1a,TM8-9_loop,TM8-9_loop,False
A,LYS,831,NZ,A,ASP,757,OD2,3.472,SPCA1a,TM8-9_loop,TM6-7_loop,True
A,LYS,831,NZ,A,GLU,835,OE2,2.77,SPCA1a,TM8-9_loop,TM8-9_loop,False
A,SER,832,N,A,GLU,835,OE1,3.21,SPCA1a,TM8-9_loop,TM8-9_loop,False
A,SER,832,OG,A,GLU,893,OE2,3.041,SPCA1a,TM8-9_loop,TM10,True
A,VAL,833,N,A,GLU,893,OE1,2.984,SPCA1a,TM8-9_loop,TM10,True
A,PHE,834,N,A,SER,832,OG,3.229,SPCA1a,TM8-9_loop,TM8-9_loop,False
A,ASN,841,ND2,A,SER,748,O,2.789,SPCA1a,TM8-9_loop,TM6,True
A,ARG,842,NH2,A,CYS,839,O,3.332,SPCA1a,TM9,TM8-9_loop,True
A,SER,851,OG,A,ALA,847,O,3.215,SPCA1a,TM9,TM9,False
A,GLN,855,NE2,A,THR,813,OG1,3.163,SPCA1a,TM9,TM8,True
A,GLN,865,NE2,A,ILE,859,O,2.655,SPCA1a,TM9-10_loop,TM9,True
A,THR,870,OG1,A,VAL,858,O,2.637,SPCA1a,TM9-10_loop,TM9,True
A,GLU,871,N,A,THR,809,OG1,3.031,SPCA1a,TM9-10_loop,TM8,True
A,SER,872,OG,A,LEU,873,O,3.535,SPCA1a,TM9-10_loop,TM9-10_loop,False
A,SER,874,N,A,ASP,877,OD2,3.168,SPCA1a,TM9-10_loop,TM10,True
A,SER,874,OG,A,ASP,877,OD2,2.613,SPCA1a,TM9-10_loop,TM10,True
A,ASP,877,N,A,SER,874,OG,3.325,SPCA1a,TM10,TM9-10_loop,True
A,THR,885,OG1,A,LEU,881,O,2.825,SPCA1a,TM10,TM10,False
A,THR,885,OG1,A,LEU,882,O,3.301,SPCA1a,TM10,TM10,False
A,SER,886,OG,A,LEU,882,O,2.734,SPCA1a,TM10,TM10,False
A,SER,887,OG,A,LEU,884,O,2.588,SPCA1a,TM10,TM10,False
A,LYS,896,NZ,A,SER,825,O,3.073,SPCA1a,TM10,TM8,True
A,LYS,896,NZ,A,SER,828,O,2.709,SPCA1a,TM10,TM8-9_loop,True
A,SER,901,OG,A,LYS,897,O,3.08,SPCA1a,TM10,TM10,False
